{"data":{"aircraft carrier":["ms-appdata:///local/AnimAssets/aircraft-carrier/aircraft-carrier-01.svg","ms-appdata:///local/AnimAssets/aircraft-carrier/aircraft-carrier-02.svg","ms-appdata:///local/AnimAssets/aircraft-carrier/aircraft-carrier-03.svg"],"airplane":["ms-appdata:///local/AnimAssets/airplane/airplane-01.svg","ms-appdata:///local/AnimAssets/airplane/airplane-02.svg","ms-appdata:///local/AnimAssets/airplane/airplane-03.svg"],"alarm clock":["ms-appdata:///local/AnimAssets/alarm-clock/alarm-clock-01.svg","ms-appdata:///local/AnimAssets/alarm-clock/alarm-clock-02.svg","ms-appdata:///local/AnimAssets/alarm-clock/alarm-clock-03.svg"],"ambulance":["ms-appdata:///local/AnimAssets/ambulance/ambulance-01.svg","ms-appdata:///local/AnimAssets/ambulance/ambulance-02.svg","ms-appdata:///local/AnimAssets/ambulance/ambulance-03.svg"],"angel":["ms-appdata:///local/AnimAssets/angel/angel-01.svg","ms-appdata:///local/AnimAssets/angel/angel-02.svg","ms-appdata:///local/AnimAssets/angel/angel-03.svg"],"animal migration":["ms-appdata:///local/AnimAssets/animal-migration/animal-migration-01.svg","ms-appdata:///local/AnimAssets/animal-migration/animal-migration-02.svg","ms-appdata:///local/AnimAssets/animal-migration/animal-migration-03.svg"],"ant":["ms-appdata:///local/AnimAssets/ant/ant-01.svg","ms-appdata:///local/AnimAssets/ant/ant-02.svg","ms-appdata:///local/AnimAssets/ant/ant-03.svg"],"anvil":["ms-appdata:///local/AnimAssets/anvil/anvil-01.svg","ms-appdata:///local/AnimAssets/anvil/anvil-02.svg","ms-appdata:///local/AnimAssets/anvil/anvil-03.svg"],"apple":["ms-appdata:///local/AnimAssets/apple/apple-01.svg","ms-appdata:///local/AnimAssets/apple/apple-02.svg","ms-appdata:///local/AnimAssets/apple/apple-03.svg"],"arm":["ms-appdata:///local/AnimAssets/arm/arm-01.svg","ms-appdata:///local/AnimAssets/arm/arm-02.svg","ms-appdata:///local/AnimAssets/arm/arm-03.svg"],"asparagus":["ms-appdata:///local/AnimAssets/asparagus/asparagus-01.svg","ms-appdata:///local/AnimAssets/asparagus/asparagus-02.svg","ms-appdata:///local/AnimAssets/asparagus/asparagus-03.svg"],"axe":["ms-appdata:///local/AnimAssets/axe/axe-01.svg","ms-appdata:///local/AnimAssets/axe/axe-02.svg","ms-appdata:///local/AnimAssets/axe/axe-03.svg"],"backpack":["ms-appdata:///local/AnimAssets/backpack/backpack-01.svg","ms-appdata:///local/AnimAssets/backpack/backpack-02.svg","ms-appdata:///local/AnimAssets/backpack/backpack-03.svg"],"banana":["ms-appdata:///local/AnimAssets/banana/banana-01.svg","ms-appdata:///local/AnimAssets/banana/banana-02.svg","ms-appdata:///local/AnimAssets/banana/banana-03.svg"],"bandage":["ms-appdata:///local/AnimAssets/bandage/bandage-01.svg","ms-appdata:///local/AnimAssets/bandage/bandage-02.svg","ms-appdata:///local/AnimAssets/bandage/bandage-03.svg"],"barn":["ms-appdata:///local/AnimAssets/barn/barn-01.svg","ms-appdata:///local/AnimAssets/barn/barn-02.svg","ms-appdata:///local/AnimAssets/barn/barn-03.svg"],"baseball":["ms-appdata:///local/AnimAssets/baseball/baseball-01.svg","ms-appdata:///local/AnimAssets/baseball/baseball-02.svg","ms-appdata:///local/AnimAssets/baseball/baseball-03.svg"],"baseball bat":["ms-appdata:///local/AnimAssets/baseball-bat/baseball-bat-01.svg","ms-appdata:///local/AnimAssets/baseball-bat/baseball-bat-02.svg","ms-appdata:///local/AnimAssets/baseball-bat/baseball-bat-03.svg"],"basket":["ms-appdata:///local/AnimAssets/basket/basket-01.svg","ms-appdata:///local/AnimAssets/basket/basket-02.svg","ms-appdata:///local/AnimAssets/basket/basket-03.svg"],"basketball":["ms-appdata:///local/AnimAssets/basketball/basketball-01.svg","ms-appdata:///local/AnimAssets/basketball/basketball-02.svg","ms-appdata:///local/AnimAssets/basketball/basketball-03.svg"],"bat":["ms-appdata:///local/AnimAssets/bat/bat-01.svg","ms-appdata:///local/AnimAssets/bat/bat-02.svg","ms-appdata:///local/AnimAssets/bat/bat-03.svg"],"bathtub":["ms-appdata:///local/AnimAssets/bathtub/bathtub-01.svg","ms-appdata:///local/AnimAssets/bathtub/bathtub-02.svg","ms-appdata:///local/AnimAssets/bathtub/bathtub-03.svg"],"beach":["ms-appdata:///local/AnimAssets/beach/beach-01.svg","ms-appdata:///local/AnimAssets/beach/beach-02.svg","ms-appdata:///local/AnimAssets/beach/beach-03.svg"],"bear":["ms-appdata:///local/AnimAssets/bear/bear-01.svg","ms-appdata:///local/AnimAssets/bear/bear-02.svg","ms-appdata:///local/AnimAssets/bear/bear-03.svg"],"beard":["ms-appdata:///local/AnimAssets/beard/beard-01.svg","ms-appdata:///local/AnimAssets/beard/beard-02.svg","ms-appdata:///local/AnimAssets/beard/beard-03.svg"],"bed":["ms-appdata:///local/AnimAssets/bed/bed-01.svg","ms-appdata:///local/AnimAssets/bed/bed-02.svg","ms-appdata:///local/AnimAssets/bed/bed-03.svg"],"bee":["ms-appdata:///local/AnimAssets/bee/bee-01.svg","ms-appdata:///local/AnimAssets/bee/bee-02.svg","ms-appdata:///local/AnimAssets/bee/bee-03.svg"],"belt":["ms-appdata:///local/AnimAssets/belt/belt-01.svg","ms-appdata:///local/AnimAssets/belt/belt-02.svg","ms-appdata:///local/AnimAssets/belt/belt-03.svg"],"bench":["ms-appdata:///local/AnimAssets/bench/bench-01.svg","ms-appdata:///local/AnimAssets/bench/bench-02.svg","ms-appdata:///local/AnimAssets/bench/bench-03.svg"],"bicycle":["ms-appdata:///local/AnimAssets/bicycle/bicycle-01.svg","ms-appdata:///local/AnimAssets/bicycle/bicycle-02.svg","ms-appdata:///local/AnimAssets/bicycle/bicycle-03.svg"],"binoculars":["ms-appdata:///local/AnimAssets/binoculars/binoculars-01.svg","ms-appdata:///local/AnimAssets/binoculars/binoculars-02.svg","ms-appdata:///local/AnimAssets/binoculars/binoculars-03.svg"],"bird":["ms-appdata:///local/AnimAssets/bird/bird-01.svg","ms-appdata:///local/AnimAssets/bird/bird-02.svg","ms-appdata:///local/AnimAssets/bird/bird-03.svg"],"birthday cake":["ms-appdata:///local/AnimAssets/birthday-cake/birthday-cake-01.svg","ms-appdata:///local/AnimAssets/birthday-cake/birthday-cake-02.svg","ms-appdata:///local/AnimAssets/birthday-cake/birthday-cake-03.svg"],"blackberry":["ms-appdata:///local/AnimAssets/blackberry/blackberry-01.svg","ms-appdata:///local/AnimAssets/blackberry/blackberry-02.svg","ms-appdata:///local/AnimAssets/blackberry/blackberry-03.svg"],"blueberry":["ms-appdata:///local/AnimAssets/blueberry/blueberry-01.svg","ms-appdata:///local/AnimAssets/blueberry/blueberry-02.svg","ms-appdata:///local/AnimAssets/blueberry/blueberry-03.svg"],"book":["ms-appdata:///local/AnimAssets/book/book-01.svg","ms-appdata:///local/AnimAssets/book/book-02.svg","ms-appdata:///local/AnimAssets/book/book-03.svg"],"boomerang":["ms-appdata:///local/AnimAssets/boomerang/boomerang-01.svg","ms-appdata:///local/AnimAssets/boomerang/boomerang-02.svg","ms-appdata:///local/AnimAssets/boomerang/boomerang-03.svg"],"bracelet":["ms-appdata:///local/AnimAssets/bracelet/bracelet-01.svg","ms-appdata:///local/AnimAssets/bracelet/bracelet-02.svg","ms-appdata:///local/AnimAssets/bracelet/bracelet-03.svg"],"brain":["ms-appdata:///local/AnimAssets/brain/brain-01.svg","ms-appdata:///local/AnimAssets/brain/brain-02.svg","ms-appdata:///local/AnimAssets/brain/brain-03.svg"],"bread":["ms-appdata:///local/AnimAssets/bread/bread-01.svg","ms-appdata:///local/AnimAssets/bread/bread-02.svg","ms-appdata:///local/AnimAssets/bread/bread-03.svg"],"bridge":["ms-appdata:///local/AnimAssets/bridge/bridge-01.svg","ms-appdata:///local/AnimAssets/bridge/bridge-02.svg","ms-appdata:///local/AnimAssets/bridge/bridge-03.svg"],"broccoli":["ms-appdata:///local/AnimAssets/broccoli/broccoli-01.svg","ms-appdata:///local/AnimAssets/broccoli/broccoli-02.svg","ms-appdata:///local/AnimAssets/broccoli/broccoli-03.svg"],"broom":["ms-appdata:///local/AnimAssets/broom/broom-01.svg","ms-appdata:///local/AnimAssets/broom/broom-02.svg","ms-appdata:///local/AnimAssets/broom/broom-03.svg"],"bucket":["ms-appdata:///local/AnimAssets/bucket/bucket-01.svg","ms-appdata:///local/AnimAssets/bucket/bucket-02.svg","ms-appdata:///local/AnimAssets/bucket/bucket-03.svg"],"bulldozer":["ms-appdata:///local/AnimAssets/bulldozer/bulldozer-01.svg","ms-appdata:///local/AnimAssets/bulldozer/bulldozer-02.svg","ms-appdata:///local/AnimAssets/bulldozer/bulldozer-03.svg"],"bus":["ms-appdata:///local/AnimAssets/bus/bus-01.svg","ms-appdata:///local/AnimAssets/bus/bus-02.svg","ms-appdata:///local/AnimAssets/bus/bus-03.svg"],"bush":["ms-appdata:///local/AnimAssets/bush/bush-01.svg","ms-appdata:///local/AnimAssets/bush/bush-02.svg","ms-appdata:///local/AnimAssets/bush/bush-03.svg"],"butterfly":["ms-appdata:///local/AnimAssets/butterfly/butterfly-01.svg","ms-appdata:///local/AnimAssets/butterfly/butterfly-02.svg","ms-appdata:///local/AnimAssets/butterfly/butterfly-03.svg"],"cactus":["ms-appdata:///local/AnimAssets/cactus/cactus-01.svg","ms-appdata:///local/AnimAssets/cactus/cactus-02.svg","ms-appdata:///local/AnimAssets/cactus/cactus-03.svg"],"cake":["ms-appdata:///local/AnimAssets/cake/cake-01.svg","ms-appdata:///local/AnimAssets/cake/cake-02.svg","ms-appdata:///local/AnimAssets/cake/cake-03.svg"],"calculator":["ms-appdata:///local/AnimAssets/calculator/calculator-01.svg","ms-appdata:///local/AnimAssets/calculator/calculator-02.svg","ms-appdata:///local/AnimAssets/calculator/calculator-03.svg"],"calendar":["ms-appdata:///local/AnimAssets/calendar/calendar-01.svg","ms-appdata:///local/AnimAssets/calendar/calendar-02.svg","ms-appdata:///local/AnimAssets/calendar/calendar-03.svg"],"camel":["ms-appdata:///local/AnimAssets/camel/camel-01.svg","ms-appdata:///local/AnimAssets/camel/camel-02.svg","ms-appdata:///local/AnimAssets/camel/camel-03.svg"],"camera":["ms-appdata:///local/AnimAssets/camera/camera-01.svg","ms-appdata:///local/AnimAssets/camera/camera-02.svg","ms-appdata:///local/AnimAssets/camera/camera-03.svg"],"camouflage":["ms-appdata:///local/AnimAssets/camouflage/camouflage-01.svg","ms-appdata:///local/AnimAssets/camouflage/camouflage-02.svg","ms-appdata:///local/AnimAssets/camouflage/camouflage-03.svg"],"campfire":["ms-appdata:///local/AnimAssets/campfire/campfire-01.svg","ms-appdata:///local/AnimAssets/campfire/campfire-02.svg","ms-appdata:///local/AnimAssets/campfire/campfire-03.svg"],"candle":["ms-appdata:///local/AnimAssets/candle/candle-01.svg","ms-appdata:///local/AnimAssets/candle/candle-02.svg","ms-appdata:///local/AnimAssets/candle/candle-03.svg"],"cannon":["ms-appdata:///local/AnimAssets/cannon/cannon-01.svg","ms-appdata:///local/AnimAssets/cannon/cannon-02.svg","ms-appdata:///local/AnimAssets/cannon/cannon-03.svg"],"canoe":["ms-appdata:///local/AnimAssets/canoe/canoe-01.svg","ms-appdata:///local/AnimAssets/canoe/canoe-02.svg","ms-appdata:///local/AnimAssets/canoe/canoe-03.svg"],"car":["ms-appdata:///local/AnimAssets/car/car-01.svg","ms-appdata:///local/AnimAssets/car/car-02.svg","ms-appdata:///local/AnimAssets/car/car-03.svg"],"carrot":["ms-appdata:///local/AnimAssets/carrot/carrot-01.svg","ms-appdata:///local/AnimAssets/carrot/carrot-02.svg","ms-appdata:///local/AnimAssets/carrot/carrot-03.svg"],"castle":["ms-appdata:///local/AnimAssets/castle/castle-01.svg","ms-appdata:///local/AnimAssets/castle/castle-02.svg","ms-appdata:///local/AnimAssets/castle/castle-03.svg"],"cat":["ms-appdata:///local/AnimAssets/cat/cat-01.svg","ms-appdata:///local/AnimAssets/cat/cat-02.svg","ms-appdata:///local/AnimAssets/cat/cat-03.svg"],"ceiling fan":["ms-appdata:///local/AnimAssets/ceiling-fan/ceiling-fan-01.svg","ms-appdata:///local/AnimAssets/ceiling-fan/ceiling-fan-02.svg","ms-appdata:///local/AnimAssets/ceiling-fan/ceiling-fan-03.svg"],"cello":["ms-appdata:///local/AnimAssets/cello/cello-01.svg","ms-appdata:///local/AnimAssets/cello/cello-02.svg","ms-appdata:///local/AnimAssets/cello/cello-03.svg"],"cell phone":["ms-appdata:///local/AnimAssets/cell-phone/cell-phone-01.svg","ms-appdata:///local/AnimAssets/cell-phone/cell-phone-02.svg","ms-appdata:///local/AnimAssets/cell-phone/cell-phone-03.svg"],"chair":["ms-appdata:///local/AnimAssets/chair/chair-01.svg","ms-appdata:///local/AnimAssets/chair/chair-02.svg","ms-appdata:///local/AnimAssets/chair/chair-03.svg"],"chandelier":["ms-appdata:///local/AnimAssets/chandelier/chandelier-01.svg","ms-appdata:///local/AnimAssets/chandelier/chandelier-02.svg","ms-appdata:///local/AnimAssets/chandelier/chandelier-03.svg"],"circle":["ms-appdata:///local/AnimAssets/circle/circle-01.svg","ms-appdata:///local/AnimAssets/circle/circle-02.svg","ms-appdata:///local/AnimAssets/circle/circle-03.svg"],"clarinet":["ms-appdata:///local/AnimAssets/clarinet/clarinet-01.svg","ms-appdata:///local/AnimAssets/clarinet/clarinet-02.svg","ms-appdata:///local/AnimAssets/clarinet/clarinet-03.svg"],"clock":["ms-appdata:///local/AnimAssets/clock/clock-01.svg","ms-appdata:///local/AnimAssets/clock/clock-02.svg","ms-appdata:///local/AnimAssets/clock/clock-03.svg"],"cloud":["ms-appdata:///local/AnimAssets/cloud/cloud-01.svg","ms-appdata:///local/AnimAssets/cloud/cloud-02.svg","ms-appdata:///local/AnimAssets/cloud/cloud-03.svg"],"coffee cup":["ms-appdata:///local/AnimAssets/coffee-cup/coffee-cup-01.svg","ms-appdata:///local/AnimAssets/coffee-cup/coffee-cup-02.svg","ms-appdata:///local/AnimAssets/coffee-cup/coffee-cup-03.svg"],"compass":["ms-appdata:///local/AnimAssets/compass/compass-01.svg","ms-appdata:///local/AnimAssets/compass/compass-02.svg","ms-appdata:///local/AnimAssets/compass/compass-03.svg"],"computer":["ms-appdata:///local/AnimAssets/computer/computer-01.svg","ms-appdata:///local/AnimAssets/computer/computer-02.svg","ms-appdata:///local/AnimAssets/computer/computer-03.svg"],"cookie":["ms-appdata:///local/AnimAssets/cookie/cookie-01.svg","ms-appdata:///local/AnimAssets/cookie/cookie-02.svg","ms-appdata:///local/AnimAssets/cookie/cookie-03.svg"],"cooler":["ms-appdata:///local/AnimAssets/cooler/cooler-01.svg","ms-appdata:///local/AnimAssets/cooler/cooler-02.svg","ms-appdata:///local/AnimAssets/cooler/cooler-03.svg"],"couch":["ms-appdata:///local/AnimAssets/couch/couch-01.svg","ms-appdata:///local/AnimAssets/couch/couch-02.svg","ms-appdata:///local/AnimAssets/couch/couch-03.svg"],"cow":["ms-appdata:///local/AnimAssets/cow/cow-01.svg","ms-appdata:///local/AnimAssets/cow/cow-02.svg","ms-appdata:///local/AnimAssets/cow/cow-03.svg"],"crab":["ms-appdata:///local/AnimAssets/crab/crab-01.svg","ms-appdata:///local/AnimAssets/crab/crab-02.svg","ms-appdata:///local/AnimAssets/crab/crab-03.svg"],"crayon":["ms-appdata:///local/AnimAssets/crayon/crayon-01.svg","ms-appdata:///local/AnimAssets/crayon/crayon-02.svg","ms-appdata:///local/AnimAssets/crayon/crayon-03.svg"],"crocodile":["ms-appdata:///local/AnimAssets/crocodile/crocodile-01.svg","ms-appdata:///local/AnimAssets/crocodile/crocodile-02.svg","ms-appdata:///local/AnimAssets/crocodile/crocodile-03.svg"],"crown":["ms-appdata:///local/AnimAssets/crown/crown-01.svg","ms-appdata:///local/AnimAssets/crown/crown-02.svg","ms-appdata:///local/AnimAssets/crown/crown-03.svg"],"cruise ship":["ms-appdata:///local/AnimAssets/cruise-ship/cruise-ship-01.svg","ms-appdata:///local/AnimAssets/cruise-ship/cruise-ship-02.svg","ms-appdata:///local/AnimAssets/cruise-ship/cruise-ship-03.svg"],"cup":["ms-appdata:///local/AnimAssets/cup/cup-01.svg","ms-appdata:///local/AnimAssets/cup/cup-02.svg","ms-appdata:///local/AnimAssets/cup/cup-03.svg"],"diamond":["ms-appdata:///local/AnimAssets/diamond/diamond-01.svg","ms-appdata:///local/AnimAssets/diamond/diamond-02.svg","ms-appdata:///local/AnimAssets/diamond/diamond-03.svg"],"dishwasher":["ms-appdata:///local/AnimAssets/dishwasher/dishwasher-01.svg","ms-appdata:///local/AnimAssets/dishwasher/dishwasher-02.svg","ms-appdata:///local/AnimAssets/dishwasher/dishwasher-03.svg"],"diving board":["ms-appdata:///local/AnimAssets/diving-board/diving-board-01.svg","ms-appdata:///local/AnimAssets/diving-board/diving-board-02.svg","ms-appdata:///local/AnimAssets/diving-board/diving-board-03.svg"],"dog":["ms-appdata:///local/AnimAssets/dog/dog-01.svg","ms-appdata:///local/AnimAssets/dog/dog-02.svg","ms-appdata:///local/AnimAssets/dog/dog-03.svg"],"dolphin":["ms-appdata:///local/AnimAssets/dolphin/dolphin-01.svg","ms-appdata:///local/AnimAssets/dolphin/dolphin-02.svg","ms-appdata:///local/AnimAssets/dolphin/dolphin-03.svg"],"donut":["ms-appdata:///local/AnimAssets/donut/donut-01.svg","ms-appdata:///local/AnimAssets/donut/donut-02.svg","ms-appdata:///local/AnimAssets/donut/donut-03.svg"],"door":["ms-appdata:///local/AnimAssets/door/door-01.svg","ms-appdata:///local/AnimAssets/door/door-02.svg","ms-appdata:///local/AnimAssets/door/door-03.svg"],"dragon":["ms-appdata:///local/AnimAssets/dragon/dragon-01.svg","ms-appdata:///local/AnimAssets/dragon/dragon-02.svg","ms-appdata:///local/AnimAssets/dragon/dragon-03.svg"],"dresser":["ms-appdata:///local/AnimAssets/dresser/dresser-01.svg","ms-appdata:///local/AnimAssets/dresser/dresser-02.svg","ms-appdata:///local/AnimAssets/dresser/dresser-03.svg"],"drill":["ms-appdata:///local/AnimAssets/drill/drill-01.svg","ms-appdata:///local/AnimAssets/drill/drill-02.svg","ms-appdata:///local/AnimAssets/drill/drill-03.svg"],"drums":["ms-appdata:///local/AnimAssets/drums/drums-01.svg","ms-appdata:///local/AnimAssets/drums/drums-02.svg","ms-appdata:///local/AnimAssets/drums/drums-03.svg"],"duck":["ms-appdata:///local/AnimAssets/duck/duck-01.svg","ms-appdata:///local/AnimAssets/duck/duck-02.svg","ms-appdata:///local/AnimAssets/duck/duck-03.svg"],"dumbbell":["ms-appdata:///local/AnimAssets/dumbbell/dumbbell-01.svg","ms-appdata:///local/AnimAssets/dumbbell/dumbbell-02.svg","ms-appdata:///local/AnimAssets/dumbbell/dumbbell-03.svg"],"ear":["ms-appdata:///local/AnimAssets/ear/ear-01.svg","ms-appdata:///local/AnimAssets/ear/ear-02.svg","ms-appdata:///local/AnimAssets/ear/ear-03.svg"],"elbow":["ms-appdata:///local/AnimAssets/elbow/elbow-01.svg","ms-appdata:///local/AnimAssets/elbow/elbow-02.svg","ms-appdata:///local/AnimAssets/elbow/elbow-03.svg"],"elephant":["ms-appdata:///local/AnimAssets/elephant/elephant-01.svg","ms-appdata:///local/AnimAssets/elephant/elephant-02.svg","ms-appdata:///local/AnimAssets/elephant/elephant-03.svg"],"envelope":["ms-appdata:///local/AnimAssets/envelope/envelope-01.svg","ms-appdata:///local/AnimAssets/envelope/envelope-02.svg","ms-appdata:///local/AnimAssets/envelope/envelope-03.svg"],"eraser":["ms-appdata:///local/AnimAssets/eraser/eraser-01.svg","ms-appdata:///local/AnimAssets/eraser/eraser-02.svg","ms-appdata:///local/AnimAssets/eraser/eraser-03.svg"],"eye":["ms-appdata:///local/AnimAssets/eye/eye-01.svg","ms-appdata:///local/AnimAssets/eye/eye-02.svg","ms-appdata:///local/AnimAssets/eye/eye-03.svg"],"eyeglasses":["ms-appdata:///local/AnimAssets/eyeglasses/eyeglasses-01.svg","ms-appdata:///local/AnimAssets/eyeglasses/eyeglasses-02.svg","ms-appdata:///local/AnimAssets/eyeglasses/eyeglasses-03.svg"],"fan":["ms-appdata:///local/AnimAssets/fan/fan-01.svg","ms-appdata:///local/AnimAssets/fan/fan-02.svg","ms-appdata:///local/AnimAssets/fan/fan-03.svg"],"feather":["ms-appdata:///local/AnimAssets/feather/feather-01.svg","ms-appdata:///local/AnimAssets/feather/feather-02.svg","ms-appdata:///local/AnimAssets/feather/feather-03.svg"],"fence":["ms-appdata:///local/AnimAssets/fence/fence-01.svg","ms-appdata:///local/AnimAssets/fence/fence-02.svg","ms-appdata:///local/AnimAssets/fence/fence-03.svg"],"finger":["ms-appdata:///local/AnimAssets/finger/finger-01.svg","ms-appdata:///local/AnimAssets/finger/finger-02.svg","ms-appdata:///local/AnimAssets/finger/finger-03.svg"],"fire hydrant":["ms-appdata:///local/AnimAssets/fire-hydrant/fire-hydrant-01.svg","ms-appdata:///local/AnimAssets/fire-hydrant/fire-hydrant-02.svg","ms-appdata:///local/AnimAssets/fire-hydrant/fire-hydrant-03.svg"],"fireplace":["ms-appdata:///local/AnimAssets/fireplace/fireplace-01.svg","ms-appdata:///local/AnimAssets/fireplace/fireplace-02.svg","ms-appdata:///local/AnimAssets/fireplace/fireplace-03.svg"],"fish":["ms-appdata:///local/AnimAssets/fish/fish-01.svg","ms-appdata:///local/AnimAssets/fish/fish-02.svg","ms-appdata:///local/AnimAssets/fish/fish-03.svg"],"flamingo":["ms-appdata:///local/AnimAssets/flamingo/flamingo-01.svg","ms-appdata:///local/AnimAssets/flamingo/flamingo-02.svg","ms-appdata:///local/AnimAssets/flamingo/flamingo-03.svg"],"flashlight":["ms-appdata:///local/AnimAssets/flashlight/flashlight-01.svg","ms-appdata:///local/AnimAssets/flashlight/flashlight-02.svg","ms-appdata:///local/AnimAssets/flashlight/flashlight-03.svg"],"flip flops":["ms-appdata:///local/AnimAssets/flip-flops/flip-flops-01.svg","ms-appdata:///local/AnimAssets/flip-flops/flip-flops-02.svg","ms-appdata:///local/AnimAssets/flip-flops/flip-flops-03.svg"],"floor lamp":["ms-appdata:///local/AnimAssets/floor-lamp/floor-lamp-01.svg","ms-appdata:///local/AnimAssets/floor-lamp/floor-lamp-02.svg","ms-appdata:///local/AnimAssets/floor-lamp/floor-lamp-03.svg"],"flower":["ms-appdata:///local/AnimAssets/flower/flower-01.svg","ms-appdata:///local/AnimAssets/flower/flower-02.svg","ms-appdata:///local/AnimAssets/flower/flower-03.svg"],"flying saucer":["ms-appdata:///local/AnimAssets/flying-saucer/flying-saucer-01.svg","ms-appdata:///local/AnimAssets/flying-saucer/flying-saucer-02.svg","ms-appdata:///local/AnimAssets/flying-saucer/flying-saucer-03.svg"],"foot":["ms-appdata:///local/AnimAssets/foot/foot-01.svg","ms-appdata:///local/AnimAssets/foot/foot-02.svg","ms-appdata:///local/AnimAssets/foot/foot-03.svg"],"fork":["ms-appdata:///local/AnimAssets/fork/fork-01.svg","ms-appdata:///local/AnimAssets/fork/fork-02.svg","ms-appdata:///local/AnimAssets/fork/fork-03.svg"],"frog":["ms-appdata:///local/AnimAssets/frog/frog-01.svg","ms-appdata:///local/AnimAssets/frog/frog-02.svg","ms-appdata:///local/AnimAssets/frog/frog-03.svg"],"frying pan":["ms-appdata:///local/AnimAssets/frying-pan/frying-pan-01.svg","ms-appdata:///local/AnimAssets/frying-pan/frying-pan-02.svg","ms-appdata:///local/AnimAssets/frying-pan/frying-pan-03.svg"],"garden":["ms-appdata:///local/AnimAssets/garden/garden-01.svg","ms-appdata:///local/AnimAssets/garden/garden-02.svg","ms-appdata:///local/AnimAssets/garden/garden-03.svg"],"garden hose":["ms-appdata:///local/AnimAssets/garden-hose/garden-hose-01.svg","ms-appdata:///local/AnimAssets/garden-hose/garden-hose-02.svg","ms-appdata:///local/AnimAssets/garden-hose/garden-hose-03.svg"],"giraffe":["ms-appdata:///local/AnimAssets/giraffe/giraffe-01.svg","ms-appdata:///local/AnimAssets/giraffe/giraffe-02.svg","ms-appdata:///local/AnimAssets/giraffe/giraffe-03.svg"],"goatee":["ms-appdata:///local/AnimAssets/goatee/goatee-01.svg","ms-appdata:///local/AnimAssets/goatee/goatee-02.svg","ms-appdata:///local/AnimAssets/goatee/goatee-03.svg"],"golf club":["ms-appdata:///local/AnimAssets/golf-club/golf-club-01.svg","ms-appdata:///local/AnimAssets/golf-club/golf-club-02.svg","ms-appdata:///local/AnimAssets/golf-club/golf-club-03.svg"],"grapes":["ms-appdata:///local/AnimAssets/grapes/grapes-01.svg","ms-appdata:///local/AnimAssets/grapes/grapes-02.svg","ms-appdata:///local/AnimAssets/grapes/grapes-03.svg"],"grass":["ms-appdata:///local/AnimAssets/grass/grass-01.svg","ms-appdata:///local/AnimAssets/grass/grass-02.svg","ms-appdata:///local/AnimAssets/grass/grass-03.svg"],"guitar":["ms-appdata:///local/AnimAssets/guitar/guitar-01.svg","ms-appdata:///local/AnimAssets/guitar/guitar-02.svg","ms-appdata:///local/AnimAssets/guitar/guitar-03.svg"],"hamburger":["ms-appdata:///local/AnimAssets/hamburger/hamburger-01.svg","ms-appdata:///local/AnimAssets/hamburger/hamburger-02.svg","ms-appdata:///local/AnimAssets/hamburger/hamburger-03.svg"],"hammer":["ms-appdata:///local/AnimAssets/hammer/hammer-01.svg","ms-appdata:///local/AnimAssets/hammer/hammer-02.svg","ms-appdata:///local/AnimAssets/hammer/hammer-03.svg"],"hand":["ms-appdata:///local/AnimAssets/hand/hand-01.svg","ms-appdata:///local/AnimAssets/hand/hand-02.svg","ms-appdata:///local/AnimAssets/hand/hand-03.svg"],"harp":["ms-appdata:///local/AnimAssets/harp/harp-01.svg","ms-appdata:///local/AnimAssets/harp/harp-02.svg","ms-appdata:///local/AnimAssets/harp/harp-03.svg"],"hat":["ms-appdata:///local/AnimAssets/hat/hat-01.svg","ms-appdata:///local/AnimAssets/hat/hat-02.svg","ms-appdata:///local/AnimAssets/hat/hat-03.svg"],"headphones":["ms-appdata:///local/AnimAssets/headphones/headphones-01.svg","ms-appdata:///local/AnimAssets/headphones/headphones-02.svg","ms-appdata:///local/AnimAssets/headphones/headphones-03.svg"],"hedgehog":["ms-appdata:///local/AnimAssets/hedgehog/hedgehog-01.svg","ms-appdata:///local/AnimAssets/hedgehog/hedgehog-02.svg","ms-appdata:///local/AnimAssets/hedgehog/hedgehog-03.svg"],"helicopter":["ms-appdata:///local/AnimAssets/helicopter/helicopter-01.svg","ms-appdata:///local/AnimAssets/helicopter/helicopter-02.svg","ms-appdata:///local/AnimAssets/helicopter/helicopter-03.svg"],"helmet":["ms-appdata:///local/AnimAssets/helmet/helmet-01.svg","ms-appdata:///local/AnimAssets/helmet/helmet-02.svg","ms-appdata:///local/AnimAssets/helmet/helmet-03.svg"],"hexagon":["ms-appdata:///local/AnimAssets/hexagon/hexagon-01.svg","ms-appdata:///local/AnimAssets/hexagon/hexagon-02.svg","ms-appdata:///local/AnimAssets/hexagon/hexagon-03.svg"],"hockey puck":["ms-appdata:///local/AnimAssets/hockey-puck/hockey-puck-01.svg","ms-appdata:///local/AnimAssets/hockey-puck/hockey-puck-02.svg","ms-appdata:///local/AnimAssets/hockey-puck/hockey-puck-03.svg"],"hockey stick":["ms-appdata:///local/AnimAssets/hockey-stick/hockey-stick-01.svg","ms-appdata:///local/AnimAssets/hockey-stick/hockey-stick-02.svg","ms-appdata:///local/AnimAssets/hockey-stick/hockey-stick-03.svg"],"horse":["ms-appdata:///local/AnimAssets/horse/horse-01.svg","ms-appdata:///local/AnimAssets/horse/horse-02.svg","ms-appdata:///local/AnimAssets/horse/horse-03.svg"],"hospital":["ms-appdata:///local/AnimAssets/hospital/hospital-01.svg","ms-appdata:///local/AnimAssets/hospital/hospital-02.svg","ms-appdata:///local/AnimAssets/hospital/hospital-03.svg"],"hot air balloon":["ms-appdata:///local/AnimAssets/hot-air-balloon/hot-air-balloon-01.svg","ms-appdata:///local/AnimAssets/hot-air-balloon/hot-air-balloon-02.svg","ms-appdata:///local/AnimAssets/hot-air-balloon/hot-air-balloon-03.svg"],"hot dog":["ms-appdata:///local/AnimAssets/hot-dog/hot-dog-01.svg","ms-appdata:///local/AnimAssets/hot-dog/hot-dog-02.svg","ms-appdata:///local/AnimAssets/hot-dog/hot-dog-03.svg"],"hot tub":["ms-appdata:///local/AnimAssets/hot-tub/hot-tub-01.svg","ms-appdata:///local/AnimAssets/hot-tub/hot-tub-02.svg","ms-appdata:///local/AnimAssets/hot-tub/hot-tub-03.svg"],"hourglass":["ms-appdata:///local/AnimAssets/hourglass/hourglass-01.svg","ms-appdata:///local/AnimAssets/hourglass/hourglass-02.svg","ms-appdata:///local/AnimAssets/hourglass/hourglass-03.svg"],"house":["ms-appdata:///local/AnimAssets/house/house-01.svg","ms-appdata:///local/AnimAssets/house/house-02.svg","ms-appdata:///local/AnimAssets/house/house-03.svg"],"house plant":["ms-appdata:///local/AnimAssets/house-plant/house-plant-01.svg","ms-appdata:///local/AnimAssets/house-plant/house-plant-02.svg","ms-appdata:///local/AnimAssets/house-plant/house-plant-03.svg"],"ice cream":["ms-appdata:///local/AnimAssets/ice-cream/ice-cream-01.svg","ms-appdata:///local/AnimAssets/ice-cream/ice-cream-02.svg","ms-appdata:///local/AnimAssets/ice-cream/ice-cream-03.svg"],"jacket":["ms-appdata:///local/AnimAssets/jacket/jacket-01.svg","ms-appdata:///local/AnimAssets/jacket/jacket-02.svg","ms-appdata:///local/AnimAssets/jacket/jacket-03.svg"],"jail":["ms-appdata:///local/AnimAssets/jail/jail-01.svg","ms-appdata:///local/AnimAssets/jail/jail-02.svg","ms-appdata:///local/AnimAssets/jail/jail-03.svg"],"kangaroo":["ms-appdata:///local/AnimAssets/kangaroo/kangaroo-01.svg","ms-appdata:///local/AnimAssets/kangaroo/kangaroo-02.svg","ms-appdata:///local/AnimAssets/kangaroo/kangaroo-03.svg"],"key":["ms-appdata:///local/AnimAssets/key/key-01.svg","ms-appdata:///local/AnimAssets/key/key-02.svg","ms-appdata:///local/AnimAssets/key/key-03.svg"],"keyboard":["ms-appdata:///local/AnimAssets/keyboard/keyboard-01.svg","ms-appdata:///local/AnimAssets/keyboard/keyboard-02.svg","ms-appdata:///local/AnimAssets/keyboard/keyboard-03.svg"],"knee":["ms-appdata:///local/AnimAssets/knee/knee-01.svg","ms-appdata:///local/AnimAssets/knee/knee-02.svg","ms-appdata:///local/AnimAssets/knee/knee-03.svg"],"ladder":["ms-appdata:///local/AnimAssets/ladder/ladder-01.svg","ms-appdata:///local/AnimAssets/ladder/ladder-02.svg","ms-appdata:///local/AnimAssets/ladder/ladder-03.svg"],"lantern":["ms-appdata:///local/AnimAssets/lantern/lantern-01.svg","ms-appdata:///local/AnimAssets/lantern/lantern-02.svg","ms-appdata:///local/AnimAssets/lantern/lantern-03.svg"],"laptop":["ms-appdata:///local/AnimAssets/laptop/laptop-01.svg","ms-appdata:///local/AnimAssets/laptop/laptop-02.svg","ms-appdata:///local/AnimAssets/laptop/laptop-03.svg"],"leaf":["ms-appdata:///local/AnimAssets/leaf/leaf-01.svg","ms-appdata:///local/AnimAssets/leaf/leaf-02.svg","ms-appdata:///local/AnimAssets/leaf/leaf-03.svg"],"leg":["ms-appdata:///local/AnimAssets/leg/leg-01.svg","ms-appdata:///local/AnimAssets/leg/leg-02.svg","ms-appdata:///local/AnimAssets/leg/leg-03.svg"],"light bulb":["ms-appdata:///local/AnimAssets/light-bulb/light-bulb-01.svg","ms-appdata:///local/AnimAssets/light-bulb/light-bulb-02.svg","ms-appdata:///local/AnimAssets/light-bulb/light-bulb-03.svg"],"lighthouse":["ms-appdata:///local/AnimAssets/lighthouse/lighthouse-01.svg","ms-appdata:///local/AnimAssets/lighthouse/lighthouse-02.svg","ms-appdata:///local/AnimAssets/lighthouse/lighthouse-03.svg"],"lightning":["ms-appdata:///local/AnimAssets/lightning/lightning-01.svg","ms-appdata:///local/AnimAssets/lightning/lightning-02.svg","ms-appdata:///local/AnimAssets/lightning/lightning-03.svg"],"line":["ms-appdata:///local/AnimAssets/line/line-01.svg","ms-appdata:///local/AnimAssets/line/line-02.svg","ms-appdata:///local/AnimAssets/line/line-03.svg"],"lion":["ms-appdata:///local/AnimAssets/lion/lion-01.svg","ms-appdata:///local/AnimAssets/lion/lion-02.svg","ms-appdata:///local/AnimAssets/lion/lion-03.svg"],"lipstick":["ms-appdata:///local/AnimAssets/lipstick/lipstick-01.svg","ms-appdata:///local/AnimAssets/lipstick/lipstick-02.svg","ms-appdata:///local/AnimAssets/lipstick/lipstick-03.svg"],"lobster":["ms-appdata:///local/AnimAssets/lobster/lobster-01.svg","ms-appdata:///local/AnimAssets/lobster/lobster-02.svg","ms-appdata:///local/AnimAssets/lobster/lobster-03.svg"],"lollipop":["ms-appdata:///local/AnimAssets/lollipop/lollipop-01.svg","ms-appdata:///local/AnimAssets/lollipop/lollipop-02.svg","ms-appdata:///local/AnimAssets/lollipop/lollipop-03.svg"],"mailbox":["ms-appdata:///local/AnimAssets/mailbox/mailbox-01.svg","ms-appdata:///local/AnimAssets/mailbox/mailbox-02.svg","ms-appdata:///local/AnimAssets/mailbox/mailbox-03.svg"],"map":["ms-appdata:///local/AnimAssets/map/map-01.svg","ms-appdata:///local/AnimAssets/map/map-02.svg","ms-appdata:///local/AnimAssets/map/map-03.svg"],"marker":["ms-appdata:///local/AnimAssets/marker/marker-01.svg","ms-appdata:///local/AnimAssets/marker/marker-02.svg","ms-appdata:///local/AnimAssets/marker/marker-03.svg"],"matches":["ms-appdata:///local/AnimAssets/matches/matches-01.svg","ms-appdata:///local/AnimAssets/matches/matches-02.svg","ms-appdata:///local/AnimAssets/matches/matches-03.svg"],"megaphone":["ms-appdata:///local/AnimAssets/megaphone/megaphone-01.svg","ms-appdata:///local/AnimAssets/megaphone/megaphone-02.svg","ms-appdata:///local/AnimAssets/megaphone/megaphone-03.svg"],"mermaid":["ms-appdata:///local/AnimAssets/mermaid/mermaid-01.svg","ms-appdata:///local/AnimAssets/mermaid/mermaid-02.svg","ms-appdata:///local/AnimAssets/mermaid/mermaid-03.svg"],"microphone":["ms-appdata:///local/AnimAssets/microphone/microphone-01.svg","ms-appdata:///local/AnimAssets/microphone/microphone-02.svg","ms-appdata:///local/AnimAssets/microphone/microphone-03.svg"],"microwave":["ms-appdata:///local/AnimAssets/microwave/microwave-01.svg","ms-appdata:///local/AnimAssets/microwave/microwave-02.svg","ms-appdata:///local/AnimAssets/microwave/microwave-03.svg"],"monkey":["ms-appdata:///local/AnimAssets/monkey/monkey-01.svg","ms-appdata:///local/AnimAssets/monkey/monkey-02.svg","ms-appdata:///local/AnimAssets/monkey/monkey-03.svg"],"moon":["ms-appdata:///local/AnimAssets/moon/moon-01.svg","ms-appdata:///local/AnimAssets/moon/moon-02.svg","ms-appdata:///local/AnimAssets/moon/moon-03.svg"],"mosquito":["ms-appdata:///local/AnimAssets/mosquito/mosquito-01.svg","ms-appdata:///local/AnimAssets/mosquito/mosquito-02.svg","ms-appdata:///local/AnimAssets/mosquito/mosquito-03.svg"],"motorbike":["ms-appdata:///local/AnimAssets/motorbike/motorbike-01.svg","ms-appdata:///local/AnimAssets/motorbike/motorbike-02.svg","ms-appdata:///local/AnimAssets/motorbike/motorbike-03.svg"],"mountain":["ms-appdata:///local/AnimAssets/mountain/mountain-01.svg","ms-appdata:///local/AnimAssets/mountain/mountain-02.svg","ms-appdata:///local/AnimAssets/mountain/mountain-03.svg"],"mouse":["ms-appdata:///local/AnimAssets/mouse/mouse-01.svg","ms-appdata:///local/AnimAssets/mouse/mouse-02.svg","ms-appdata:///local/AnimAssets/mouse/mouse-03.svg"],"moustache":["ms-appdata:///local/AnimAssets/moustache/moustache-01.svg","ms-appdata:///local/AnimAssets/moustache/moustache-02.svg","ms-appdata:///local/AnimAssets/moustache/moustache-03.svg"],"mouth":["ms-appdata:///local/AnimAssets/mouth/mouth-01.svg","ms-appdata:///local/AnimAssets/mouth/mouth-02.svg","ms-appdata:///local/AnimAssets/mouth/mouth-03.svg"],"mug":["ms-appdata:///local/AnimAssets/mug/mug-01.svg","ms-appdata:///local/AnimAssets/mug/mug-02.svg","ms-appdata:///local/AnimAssets/mug/mug-03.svg"],"mushroom":["ms-appdata:///local/AnimAssets/mushroom/mushroom-01.svg","ms-appdata:///local/AnimAssets/mushroom/mushroom-02.svg","ms-appdata:///local/AnimAssets/mushroom/mushroom-03.svg"],"nail":["ms-appdata:///local/AnimAssets/nail/nail-01.svg","ms-appdata:///local/AnimAssets/nail/nail-02.svg","ms-appdata:///local/AnimAssets/nail/nail-03.svg"],"necklace":["ms-appdata:///local/AnimAssets/necklace/necklace-01.svg","ms-appdata:///local/AnimAssets/necklace/necklace-02.svg","ms-appdata:///local/AnimAssets/necklace/necklace-03.svg"],"nose":["ms-appdata:///local/AnimAssets/nose/nose-01.svg","ms-appdata:///local/AnimAssets/nose/nose-02.svg","ms-appdata:///local/AnimAssets/nose/nose-03.svg"],"ocean":["ms-appdata:///local/AnimAssets/ocean/ocean-01.svg","ms-appdata:///local/AnimAssets/ocean/ocean-02.svg","ms-appdata:///local/AnimAssets/ocean/ocean-03.svg"],"octagon":["ms-appdata:///local/AnimAssets/octagon/octagon-01.svg","ms-appdata:///local/AnimAssets/octagon/octagon-02.svg","ms-appdata:///local/AnimAssets/octagon/octagon-03.svg"],"octopus":["ms-appdata:///local/AnimAssets/octopus/octopus-01.svg","ms-appdata:///local/AnimAssets/octopus/octopus-02.svg","ms-appdata:///local/AnimAssets/octopus/octopus-03.svg"],"onion":["ms-appdata:///local/AnimAssets/onion/onion-01.svg","ms-appdata:///local/AnimAssets/onion/onion-02.svg","ms-appdata:///local/AnimAssets/onion/onion-03.svg"],"oven":["ms-appdata:///local/AnimAssets/oven/oven-01.svg","ms-appdata:///local/AnimAssets/oven/oven-02.svg","ms-appdata:///local/AnimAssets/oven/oven-03.svg"],"owl":["ms-appdata:///local/AnimAssets/owl/owl-01.svg","ms-appdata:///local/AnimAssets/owl/owl-02.svg","ms-appdata:///local/AnimAssets/owl/owl-03.svg"],"paintbrush":["ms-appdata:///local/AnimAssets/paintbrush/paintbrush-01.svg","ms-appdata:///local/AnimAssets/paintbrush/paintbrush-02.svg","ms-appdata:///local/AnimAssets/paintbrush/paintbrush-03.svg"],"paint can":["ms-appdata:///local/AnimAssets/paint-can/paint-can-01.svg","ms-appdata:///local/AnimAssets/paint-can/paint-can-02.svg","ms-appdata:///local/AnimAssets/paint-can/paint-can-03.svg"],"palm tree":["ms-appdata:///local/AnimAssets/palm-tree/palm-tree-01.svg","ms-appdata:///local/AnimAssets/palm-tree/palm-tree-02.svg","ms-appdata:///local/AnimAssets/palm-tree/palm-tree-03.svg"],"panda":["ms-appdata:///local/AnimAssets/panda/panda-01.svg","ms-appdata:///local/AnimAssets/panda/panda-02.svg","ms-appdata:///local/AnimAssets/panda/panda-03.svg"],"pants":["ms-appdata:///local/AnimAssets/pants/pants-01.svg","ms-appdata:///local/AnimAssets/pants/pants-02.svg","ms-appdata:///local/AnimAssets/pants/pants-03.svg","ms-appdata:///local/AnimAssets/pants/pants-04.svg","ms-appdata:///local/AnimAssets/pants/pants-05.svg","ms-appdata:///local/AnimAssets/pants/pants-06.svg"],"paper clip":["ms-appdata:///local/AnimAssets/paper-clip/paper-clip-01.svg","ms-appdata:///local/AnimAssets/paper-clip/paper-clip-02.svg","ms-appdata:///local/AnimAssets/paper-clip/paper-clip-03.svg"],"parachute":["ms-appdata:///local/AnimAssets/parachute/parachute-01.svg","ms-appdata:///local/AnimAssets/parachute/parachute-02.svg","ms-appdata:///local/AnimAssets/parachute/parachute-03.svg"],"parrot":["ms-appdata:///local/AnimAssets/parrot/parrot-01.svg","ms-appdata:///local/AnimAssets/parrot/parrot-02.svg","ms-appdata:///local/AnimAssets/parrot/parrot-03.svg"],"passport":["ms-appdata:///local/AnimAssets/passport/passport-01.svg","ms-appdata:///local/AnimAssets/passport/passport-02.svg","ms-appdata:///local/AnimAssets/passport/passport-03.svg"],"peanut":["ms-appdata:///local/AnimAssets/peanut/peanut-01.svg","ms-appdata:///local/AnimAssets/peanut/peanut-02.svg","ms-appdata:///local/AnimAssets/peanut/peanut-03.svg"],"pear":["ms-appdata:///local/AnimAssets/pear/pear-01.svg","ms-appdata:///local/AnimAssets/pear/pear-02.svg","ms-appdata:///local/AnimAssets/pear/pear-03.svg"],"peas":["ms-appdata:///local/AnimAssets/peas/peas-01.svg","ms-appdata:///local/AnimAssets/peas/peas-02.svg","ms-appdata:///local/AnimAssets/peas/peas-03.svg"],"pencil":["ms-appdata:///local/AnimAssets/pencil/pencil-01.svg","ms-appdata:///local/AnimAssets/pencil/pencil-02.svg","ms-appdata:///local/AnimAssets/pencil/pencil-03.svg"],"penguin":["ms-appdata:///local/AnimAssets/penguin/penguin-01.svg","ms-appdata:///local/AnimAssets/penguin/penguin-02.svg","ms-appdata:///local/AnimAssets/penguin/penguin-03.svg"],"piano":["ms-appdata:///local/AnimAssets/piano/piano-01.svg","ms-appdata:///local/AnimAssets/piano/piano-02.svg","ms-appdata:///local/AnimAssets/piano/piano-03.svg"],"pickup truck":["ms-appdata:///local/AnimAssets/pickup-truck/pickup-truck-01.svg","ms-appdata:///local/AnimAssets/pickup-truck/pickup-truck-02.svg","ms-appdata:///local/AnimAssets/pickup-truck/pickup-truck-03.svg"],"picture frame":["ms-appdata:///local/AnimAssets/picture-frame/picture-frame-01.svg","ms-appdata:///local/AnimAssets/picture-frame/picture-frame-02.svg","ms-appdata:///local/AnimAssets/picture-frame/picture-frame-03.svg"],"pig":["ms-appdata:///local/AnimAssets/pig/pig-01.svg","ms-appdata:///local/AnimAssets/pig/pig-02.svg","ms-appdata:///local/AnimAssets/pig/pig-03.svg"],"pillow":["ms-appdata:///local/AnimAssets/pillow/pillow-01.svg","ms-appdata:///local/AnimAssets/pillow/pillow-02.svg","ms-appdata:///local/AnimAssets/pillow/pillow-03.svg"],"pineapple":["ms-appdata:///local/AnimAssets/pineapple/pineapple-01.svg","ms-appdata:///local/AnimAssets/pineapple/pineapple-02.svg","ms-appdata:///local/AnimAssets/pineapple/pineapple-03.svg"],"pizza":["ms-appdata:///local/AnimAssets/pizza/pizza-01.svg","ms-appdata:///local/AnimAssets/pizza/pizza-02.svg","ms-appdata:///local/AnimAssets/pizza/pizza-03.svg"],"pliers":["ms-appdata:///local/AnimAssets/pliers/pliers-01.svg","ms-appdata:///local/AnimAssets/pliers/pliers-02.svg","ms-appdata:///local/AnimAssets/pliers/pliers-03.svg"],"police car":["ms-appdata:///local/AnimAssets/police-car/police-car-01.svg","ms-appdata:///local/AnimAssets/police-car/police-car-02.svg","ms-appdata:///local/AnimAssets/police-car/police-car-03.svg"],"pond":["ms-appdata:///local/AnimAssets/pond/pond-01.svg","ms-appdata:///local/AnimAssets/pond/pond-02.svg","ms-appdata:///local/AnimAssets/pond/pond-03.svg"],"pool":["ms-appdata:///local/AnimAssets/pool/pool-01.svg","ms-appdata:///local/AnimAssets/pool/pool-02.svg","ms-appdata:///local/AnimAssets/pool/pool-03.svg"],"popsicle":["ms-appdata:///local/AnimAssets/popsicle/popsicle-01.svg","ms-appdata:///local/AnimAssets/popsicle/popsicle-02.svg","ms-appdata:///local/AnimAssets/popsicle/popsicle-03.svg"],"postcard":["ms-appdata:///local/AnimAssets/postcard/postcard-01.svg","ms-appdata:///local/AnimAssets/postcard/postcard-02.svg","ms-appdata:///local/AnimAssets/postcard/postcard-03.svg"],"potato":["ms-appdata:///local/AnimAssets/potato/potato-01.svg","ms-appdata:///local/AnimAssets/potato/potato-02.svg","ms-appdata:///local/AnimAssets/potato/potato-03.svg"],"power outlet":["ms-appdata:///local/AnimAssets/power-outlet/power-outlet-01.svg","ms-appdata:///local/AnimAssets/power-outlet/power-outlet-02.svg","ms-appdata:///local/AnimAssets/power-outlet/power-outlet-03.svg"],"purse":["ms-appdata:///local/AnimAssets/purse/purse-01.svg","ms-appdata:///local/AnimAssets/purse/purse-02.svg","ms-appdata:///local/AnimAssets/purse/purse-03.svg"],"rabbit":["ms-appdata:///local/AnimAssets/rabbit/rabbit-01.svg","ms-appdata:///local/AnimAssets/rabbit/rabbit-02.svg","ms-appdata:///local/AnimAssets/rabbit/rabbit-03.svg"],"raccoon":["ms-appdata:///local/AnimAssets/raccoon/raccoon-01.svg","ms-appdata:///local/AnimAssets/raccoon/raccoon-02.svg","ms-appdata:///local/AnimAssets/raccoon/raccoon-03.svg"],"radio":["ms-appdata:///local/AnimAssets/radio/radio-01.svg","ms-appdata:///local/AnimAssets/radio/radio-02.svg","ms-appdata:///local/AnimAssets/radio/radio-03.svg"],"rain":["ms-appdata:///local/AnimAssets/rain/rain-01.svg","ms-appdata:///local/AnimAssets/rain/rain-02.svg","ms-appdata:///local/AnimAssets/rain/rain-03.svg"],"rainbow":["ms-appdata:///local/AnimAssets/rainbow/rainbow-01.svg","ms-appdata:///local/AnimAssets/rainbow/rainbow-02.svg","ms-appdata:///local/AnimAssets/rainbow/rainbow-03.svg"],"rake":["ms-appdata:///local/AnimAssets/rake/rake-01.svg","ms-appdata:///local/AnimAssets/rake/rake-02.svg","ms-appdata:///local/AnimAssets/rake/rake-03.svg"],"remote control":["ms-appdata:///local/AnimAssets/remote-control/remote-control-01.svg","ms-appdata:///local/AnimAssets/remote-control/remote-control-02.svg","ms-appdata:///local/AnimAssets/remote-control/remote-control-03.svg"],"rhinoceros":["ms-appdata:///local/AnimAssets/rhinoceros/rhinoceros-01.svg","ms-appdata:///local/AnimAssets/rhinoceros/rhinoceros-02.svg","ms-appdata:///local/AnimAssets/rhinoceros/rhinoceros-03.svg"],"river":["ms-appdata:///local/AnimAssets/river/river-01.svg","ms-appdata:///local/AnimAssets/river/river-02.svg","ms-appdata:///local/AnimAssets/river/river-03.svg"],"roller coaster":["ms-appdata:///local/AnimAssets/roller-coaster/roller-coaster-01.svg","ms-appdata:///local/AnimAssets/roller-coaster/roller-coaster-02.svg","ms-appdata:///local/AnimAssets/roller-coaster/roller-coaster-03.svg"],"sailboat":["ms-appdata:///local/AnimAssets/sailboat/sailboat-01.svg","ms-appdata:///local/AnimAssets/sailboat/sailboat-02.svg","ms-appdata:///local/AnimAssets/sailboat/sailboat-03.svg"],"sandwich":["ms-appdata:///local/AnimAssets/sandwich/sandwich-01.svg","ms-appdata:///local/AnimAssets/sandwich/sandwich-02.svg","ms-appdata:///local/AnimAssets/sandwich/sandwich-03.svg"],"saw":["ms-appdata:///local/AnimAssets/saw/saw-01.svg","ms-appdata:///local/AnimAssets/saw/saw-02.svg","ms-appdata:///local/AnimAssets/saw/saw-03.svg"],"saxophone":["ms-appdata:///local/AnimAssets/saxophone/saxophone-01.svg","ms-appdata:///local/AnimAssets/saxophone/saxophone-02.svg","ms-appdata:///local/AnimAssets/saxophone/saxophone-03.svg"],"school bus":["ms-appdata:///local/AnimAssets/school-bus/school-bus-01.svg","ms-appdata:///local/AnimAssets/school-bus/school-bus-02.svg","ms-appdata:///local/AnimAssets/school-bus/school-bus-03.svg"],"scissors":["ms-appdata:///local/AnimAssets/scissors/scissors-01.svg","ms-appdata:///local/AnimAssets/scissors/scissors-02.svg","ms-appdata:///local/AnimAssets/scissors/scissors-03.svg"],"scorpion":["ms-appdata:///local/AnimAssets/scorpion/scorpion-01.svg","ms-appdata:///local/AnimAssets/scorpion/scorpion-02.svg","ms-appdata:///local/AnimAssets/scorpion/scorpion-03.svg"],"screwdriver":["ms-appdata:///local/AnimAssets/screwdriver/screwdriver-01.svg","ms-appdata:///local/AnimAssets/screwdriver/screwdriver-02.svg","ms-appdata:///local/AnimAssets/screwdriver/screwdriver-03.svg"],"sea turtle":["ms-appdata:///local/AnimAssets/sea-turtle/sea-turtle-01.svg","ms-appdata:///local/AnimAssets/sea-turtle/sea-turtle-02.svg","ms-appdata:///local/AnimAssets/sea-turtle/sea-turtle-03.svg"],"shark":["ms-appdata:///local/AnimAssets/shark/shark-01.svg","ms-appdata:///local/AnimAssets/shark/shark-02.svg","ms-appdata:///local/AnimAssets/shark/shark-03.svg"],"sheep":["ms-appdata:///local/AnimAssets/sheep/sheep-01.svg","ms-appdata:///local/AnimAssets/sheep/sheep-02.svg","ms-appdata:///local/AnimAssets/sheep/sheep-03.svg"],"shoe":["ms-appdata:///local/AnimAssets/shoe/shoe-01.svg","ms-appdata:///local/AnimAssets/shoe/shoe-02.svg","ms-appdata:///local/AnimAssets/shoe/shoe-03.svg"],"shorts":["ms-appdata:///local/AnimAssets/shorts/shorts-01.svg","ms-appdata:///local/AnimAssets/shorts/shorts-02.svg","ms-appdata:///local/AnimAssets/shorts/shorts-03.svg"],"shovel":["ms-appdata:///local/AnimAssets/shovel/shovel-01.svg","ms-appdata:///local/AnimAssets/shovel/shovel-02.svg","ms-appdata:///local/AnimAssets/shovel/shovel-03.svg"],"sink":["ms-appdata:///local/AnimAssets/sink/sink-01.svg","ms-appdata:///local/AnimAssets/sink/sink-02.svg","ms-appdata:///local/AnimAssets/sink/sink-03.svg"],"skateboard":["ms-appdata:///local/AnimAssets/skateboard/skateboard-01.svg","ms-appdata:///local/AnimAssets/skateboard/skateboard-02.svg","ms-appdata:///local/AnimAssets/skateboard/skateboard-03.svg"],"skull":["ms-appdata:///local/AnimAssets/skull/skull-01.svg","ms-appdata:///local/AnimAssets/skull/skull-02.svg","ms-appdata:///local/AnimAssets/skull/skull-03.svg"],"skyscraper":["ms-appdata:///local/AnimAssets/skyscraper/skyscraper-01.svg","ms-appdata:///local/AnimAssets/skyscraper/skyscraper-02.svg","ms-appdata:///local/AnimAssets/skyscraper/skyscraper-03.svg"],"sleeping bag":["ms-appdata:///local/AnimAssets/sleeping-bag/sleeping-bag-01.svg","ms-appdata:///local/AnimAssets/sleeping-bag/sleeping-bag-02.svg","ms-appdata:///local/AnimAssets/sleeping-bag/sleeping-bag-03.svg"],"smiley face":["ms-appdata:///local/AnimAssets/smiley-face/smiley-face-01.svg","ms-appdata:///local/AnimAssets/smiley-face/smiley-face-02.svg","ms-appdata:///local/AnimAssets/smiley-face/smiley-face-03.svg"],"snail":["ms-appdata:///local/AnimAssets/snail/snail-01.svg","ms-appdata:///local/AnimAssets/snail/snail-02.svg","ms-appdata:///local/AnimAssets/snail/snail-03.svg"],"snake":["ms-appdata:///local/AnimAssets/snake/snake-01.svg","ms-appdata:///local/AnimAssets/snake/snake-02.svg","ms-appdata:///local/AnimAssets/snake/snake-03.svg"],"snorkel":["ms-appdata:///local/AnimAssets/snorkel/snorkel-01.svg","ms-appdata:///local/AnimAssets/snorkel/snorkel-02.svg","ms-appdata:///local/AnimAssets/snorkel/snorkel-03.svg"],"snowflake":["ms-appdata:///local/AnimAssets/snowflake/snowflake-01.svg","ms-appdata:///local/AnimAssets/snowflake/snowflake-02.svg","ms-appdata:///local/AnimAssets/snowflake/snowflake-03.svg"],"snowman":["ms-appdata:///local/AnimAssets/snowman/snowman-01.svg","ms-appdata:///local/AnimAssets/snowman/snowman-02.svg","ms-appdata:///local/AnimAssets/snowman/snowman-03.svg"],"soccer ball":["ms-appdata:///local/AnimAssets/soccer-ball/soccer-ball-01.svg","ms-appdata:///local/AnimAssets/soccer-ball/soccer-ball-02.svg","ms-appdata:///local/AnimAssets/soccer-ball/soccer-ball-03.svg"],"sock":["ms-appdata:///local/AnimAssets/sock/sock-01.svg","ms-appdata:///local/AnimAssets/sock/sock-02.svg","ms-appdata:///local/AnimAssets/sock/sock-03.svg"],"speedboat":["ms-appdata:///local/AnimAssets/speedboat/speedboat-01.svg","ms-appdata:///local/AnimAssets/speedboat/speedboat-02.svg","ms-appdata:///local/AnimAssets/speedboat/speedboat-03.svg"],"spider":["ms-appdata:///local/AnimAssets/spider/spider-01.svg","ms-appdata:///local/AnimAssets/spider/spider-02.svg","ms-appdata:///local/AnimAssets/spider/spider-03.svg"],"spoon":["ms-appdata:///local/AnimAssets/spoon/spoon-01.svg","ms-appdata:///local/AnimAssets/spoon/spoon-02.svg","ms-appdata:///local/AnimAssets/spoon/spoon-03.svg"],"spreadsheet":["ms-appdata:///local/AnimAssets/spreadsheet/spreadsheet-01.svg","ms-appdata:///local/AnimAssets/spreadsheet/spreadsheet-02.svg","ms-appdata:///local/AnimAssets/spreadsheet/spreadsheet-03.svg"],"square":["ms-appdata:///local/AnimAssets/square/square-01.svg","ms-appdata:///local/AnimAssets/square/square-02.svg","ms-appdata:///local/AnimAssets/square/square-03.svg"],"squiggle":["ms-appdata:///local/AnimAssets/squiggle/squiggle-01.svg","ms-appdata:///local/AnimAssets/squiggle/squiggle-02.svg","ms-appdata:///local/AnimAssets/squiggle/squiggle-03.svg"],"squirrel":["ms-appdata:///local/AnimAssets/squirrel/squirrel-01.svg","ms-appdata:///local/AnimAssets/squirrel/squirrel-02.svg","ms-appdata:///local/AnimAssets/squirrel/squirrel-03.svg"],"stairs":["ms-appdata:///local/AnimAssets/stairs/stairs-01.svg","ms-appdata:///local/AnimAssets/stairs/stairs-02.svg","ms-appdata:///local/AnimAssets/stairs/stairs-03.svg"],"star":["ms-appdata:///local/AnimAssets/star/star-01.svg","ms-appdata:///local/AnimAssets/star/star-02.svg","ms-appdata:///local/AnimAssets/star/star-03.svg"],"steak":["ms-appdata:///local/AnimAssets/steak/steak-01.svg","ms-appdata:///local/AnimAssets/steak/steak-02.svg","ms-appdata:///local/AnimAssets/steak/steak-03.svg"],"stereo":["ms-appdata:///local/AnimAssets/stereo/stereo-01.svg","ms-appdata:///local/AnimAssets/stereo/stereo-02.svg","ms-appdata:///local/AnimAssets/stereo/stereo-03.svg"],"stethoscope":["ms-appdata:///local/AnimAssets/stethoscope/stethoscope-01.svg","ms-appdata:///local/AnimAssets/stethoscope/stethoscope-02.svg","ms-appdata:///local/AnimAssets/stethoscope/stethoscope-03.svg"],"stitches":["ms-appdata:///local/AnimAssets/stitches/stitches-01.svg","ms-appdata:///local/AnimAssets/stitches/stitches-02.svg","ms-appdata:///local/AnimAssets/stitches/stitches-03.svg"],"stop sign":["ms-appdata:///local/AnimAssets/stop-sign/stop-sign-01.svg","ms-appdata:///local/AnimAssets/stop-sign/stop-sign-02.svg","ms-appdata:///local/AnimAssets/stop-sign/stop-sign-03.svg"],"stove":["ms-appdata:///local/AnimAssets/stove/stove-01.svg","ms-appdata:///local/AnimAssets/stove/stove-02.svg","ms-appdata:///local/AnimAssets/stove/stove-03.svg"],"strawberry":["ms-appdata:///local/AnimAssets/strawberry/strawberry-01.svg","ms-appdata:///local/AnimAssets/strawberry/strawberry-02.svg","ms-appdata:///local/AnimAssets/strawberry/strawberry-03.svg"],"streetlight":["ms-appdata:///local/AnimAssets/streetlight/streetlight-01.svg","ms-appdata:///local/AnimAssets/streetlight/streetlight-02.svg","ms-appdata:///local/AnimAssets/streetlight/streetlight-03.svg"],"string bean":["ms-appdata:///local/AnimAssets/string-bean/string-bean-01.svg","ms-appdata:///local/AnimAssets/string-bean/string-bean-02.svg","ms-appdata:///local/AnimAssets/string-bean/string-bean-03.svg"],"submarine":["ms-appdata:///local/AnimAssets/submarine/submarine-01.svg","ms-appdata:///local/AnimAssets/submarine/submarine-02.svg","ms-appdata:///local/AnimAssets/submarine/submarine-03.svg"],"suitcase":["ms-appdata:///local/AnimAssets/suitcase/suitcase-01.svg","ms-appdata:///local/AnimAssets/suitcase/suitcase-02.svg","ms-appdata:///local/AnimAssets/suitcase/suitcase-03.svg"],"sun":["ms-appdata:///local/AnimAssets/sun/sun-01.svg","ms-appdata:///local/AnimAssets/sun/sun-02.svg","ms-appdata:///local/AnimAssets/sun/sun-03.svg"],"swan":["ms-appdata:///local/AnimAssets/swan/swan-01.svg","ms-appdata:///local/AnimAssets/swan/swan-02.svg","ms-appdata:///local/AnimAssets/swan/swan-03.svg"],"sweater":["ms-appdata:///local/AnimAssets/sweater/sweater-01.svg","ms-appdata:///local/AnimAssets/sweater/sweater-02.svg","ms-appdata:///local/AnimAssets/sweater/sweater-03.svg"],"swing set":["ms-appdata:///local/AnimAssets/swing-set/swing-set-01.svg","ms-appdata:///local/AnimAssets/swing-set/swing-set-02.svg","ms-appdata:///local/AnimAssets/swing-set/swing-set-03.svg"],"sword":["ms-appdata:///local/AnimAssets/sword/sword-01.svg","ms-appdata:///local/AnimAssets/sword/sword-02.svg","ms-appdata:///local/AnimAssets/sword/sword-03.svg"],"syringe":["ms-appdata:///local/AnimAssets/syringe/syringe-01.svg","ms-appdata:///local/AnimAssets/syringe/syringe-02.svg","ms-appdata:///local/AnimAssets/syringe/syringe-03.svg"],"table":["ms-appdata:///local/AnimAssets/table/table-01.svg","ms-appdata:///local/AnimAssets/table/table-02.svg","ms-appdata:///local/AnimAssets/table/table-03.svg"],"teapot":["ms-appdata:///local/AnimAssets/teapot/teapot-01.svg","ms-appdata:///local/AnimAssets/teapot/teapot-02.svg","ms-appdata:///local/AnimAssets/teapot/teapot-03.svg"],"teddy bear":["ms-appdata:///local/AnimAssets/teddy-bear/teddy-bear-01.svg","ms-appdata:///local/AnimAssets/teddy-bear/teddy-bear-02.svg","ms-appdata:///local/AnimAssets/teddy-bear/teddy-bear-03.svg"],"telephone":["ms-appdata:///local/AnimAssets/telephone/telephone-01.svg","ms-appdata:///local/AnimAssets/telephone/telephone-02.svg","ms-appdata:///local/AnimAssets/telephone/telephone-03.svg"],"television":["ms-appdata:///local/AnimAssets/television/television-01.svg","ms-appdata:///local/AnimAssets/television/television-02.svg","ms-appdata:///local/AnimAssets/television/television-03.svg"],"tennis racquet":["ms-appdata:///local/AnimAssets/tennis-racquet/tennis-racquet-01.svg","ms-appdata:///local/AnimAssets/tennis-racquet/tennis-racquet-02.svg","ms-appdata:///local/AnimAssets/tennis-racquet/tennis-racquet-03.svg"],"tent":["ms-appdata:///local/AnimAssets/tent/tent-01.svg","ms-appdata:///local/AnimAssets/tent/tent-02.svg","ms-appdata:///local/AnimAssets/tent/tent-03.svg"],"the eiffel tower":["ms-appdata:///local/AnimAssets/the-eiffel-tower/the-eiffel-tower-01.svg","ms-appdata:///local/AnimAssets/the-eiffel-tower/the-eiffel-tower-02.svg","ms-appdata:///local/AnimAssets/the-eiffel-tower/the-eiffel-tower-03.svg"],"the great wall of china":["ms-appdata:///local/AnimAssets/the-great-wall-of-china/the-great-wall-of-china-01.svg","ms-appdata:///local/AnimAssets/the-great-wall-of-china/the-great-wall-of-china-02.svg","ms-appdata:///local/AnimAssets/the-great-wall-of-china/the-great-wall-of-china-03.svg"],"the mona lisa":["ms-appdata:///local/AnimAssets/the-mona-lisa/the-mona-lisa-01.svg","ms-appdata:///local/AnimAssets/the-mona-lisa/the-mona-lisa-02.svg","ms-appdata:///local/AnimAssets/the-mona-lisa/the-mona-lisa-03.svg"],"tiger":["ms-appdata:///local/AnimAssets/tiger/tiger-01.svg","ms-appdata:///local/AnimAssets/tiger/tiger-02.svg","ms-appdata:///local/AnimAssets/tiger/tiger-03.svg"],"toaster":["ms-appdata:///local/AnimAssets/toaster/toaster-01.svg","ms-appdata:///local/AnimAssets/toaster/toaster-02.svg","ms-appdata:///local/AnimAssets/toaster/toaster-03.svg"],"toe":["ms-appdata:///local/AnimAssets/toe/toe-01.svg","ms-appdata:///local/AnimAssets/toe/toe-02.svg","ms-appdata:///local/AnimAssets/toe/toe-03.svg"],"toilet":["ms-appdata:///local/AnimAssets/toilet/toilet-01.svg","ms-appdata:///local/AnimAssets/toilet/toilet-02.svg","ms-appdata:///local/AnimAssets/toilet/toilet-03.svg"],"tooth":["ms-appdata:///local/AnimAssets/tooth/tooth-01.svg","ms-appdata:///local/AnimAssets/tooth/tooth-02.svg","ms-appdata:///local/AnimAssets/tooth/tooth-03.svg"],"toothbrush":["ms-appdata:///local/AnimAssets/toothbrush/toothbrush-01.svg","ms-appdata:///local/AnimAssets/toothbrush/toothbrush-02.svg","ms-appdata:///local/AnimAssets/toothbrush/toothbrush-03.svg"],"toothpaste":["ms-appdata:///local/AnimAssets/toothpaste/toothpaste-01.svg","ms-appdata:///local/AnimAssets/toothpaste/toothpaste-02.svg","ms-appdata:///local/AnimAssets/toothpaste/toothpaste-03.svg"],"tornado":["ms-appdata:///local/AnimAssets/tornado/tornado-01.svg","ms-appdata:///local/AnimAssets/tornado/tornado-02.svg","ms-appdata:///local/AnimAssets/tornado/tornado-03.svg"],"tractor":["ms-appdata:///local/AnimAssets/tractor/tractor-01.svg","ms-appdata:///local/AnimAssets/tractor/tractor-02.svg","ms-appdata:///local/AnimAssets/tractor/tractor-03.svg"],"traffic light":["ms-appdata:///local/AnimAssets/traffic-light/traffic-light-01.svg","ms-appdata:///local/AnimAssets/traffic-light/traffic-light-02.svg","ms-appdata:///local/AnimAssets/traffic-light/traffic-light-03.svg"],"train":["ms-appdata:///local/AnimAssets/train/train-01.svg","ms-appdata:///local/AnimAssets/train/train-02.svg","ms-appdata:///local/AnimAssets/train/train-03.svg"],"tree":["ms-appdata:///local/AnimAssets/tree/tree-01.svg","ms-appdata:///local/AnimAssets/tree/tree-02.svg","ms-appdata:///local/AnimAssets/tree/tree-03.svg"],"triangle":["ms-appdata:///local/AnimAssets/triangle/triangle-01.svg","ms-appdata:///local/AnimAssets/triangle/triangle-02.svg","ms-appdata:///local/AnimAssets/triangle/triangle-03.svg"],"trombone":["ms-appdata:///local/AnimAssets/trombone/trombone-01.svg","ms-appdata:///local/AnimAssets/trombone/trombone-02.svg","ms-appdata:///local/AnimAssets/trombone/trombone-03.svg"],"truck":["ms-appdata:///local/AnimAssets/truck/truck-01.svg","ms-appdata:///local/AnimAssets/truck/truck-02.svg","ms-appdata:///local/AnimAssets/truck/truck-03.svg"],"trumpet":["ms-appdata:///local/AnimAssets/trumpet/trumpet-01.svg","ms-appdata:///local/AnimAssets/trumpet/trumpet-02.svg","ms-appdata:///local/AnimAssets/trumpet/trumpet-03.svg"],"t shirt":["ms-appdata:///local/AnimAssets/t-shirt/t-shirt-01.svg","ms-appdata:///local/AnimAssets/t-shirt/t-shirt-02.svg","ms-appdata:///local/AnimAssets/t-shirt/t-shirt-03.svg"],"umbrella":["ms-appdata:///local/AnimAssets/umbrella/umbrella-01.svg","ms-appdata:///local/AnimAssets/umbrella/umbrella-02.svg","ms-appdata:///local/AnimAssets/umbrella/umbrella-03.svg"],"underwear":["ms-appdata:///local/AnimAssets/underwear/underwear-01.svg","ms-appdata:///local/AnimAssets/underwear/underwear-02.svg","ms-appdata:///local/AnimAssets/underwear/underwear-03.svg"],"van":["ms-appdata:///local/AnimAssets/van/van-01.svg","ms-appdata:///local/AnimAssets/van/van-02.svg","ms-appdata:///local/AnimAssets/van/van-03.svg"],"vase":["ms-appdata:///local/AnimAssets/vase/vase-01.svg","ms-appdata:///local/AnimAssets/vase/vase-02.svg","ms-appdata:///local/AnimAssets/vase/vase-03.svg"],"violin":["ms-appdata:///local/AnimAssets/violin/violin-01.svg","ms-appdata:///local/AnimAssets/violin/violin-02.svg","ms-appdata:///local/AnimAssets/violin/violin-03.svg"],"washing machine":["ms-appdata:///local/AnimAssets/washing-machine/washing-machine-01.svg","ms-appdata:///local/AnimAssets/washing-machine/washing-machine-02.svg","ms-appdata:///local/AnimAssets/washing-machine/washing-machine-03.svg"],"watermelon":["ms-appdata:///local/AnimAssets/watermelon/watermelon-01.svg","ms-appdata:///local/AnimAssets/watermelon/watermelon-02.svg","ms-appdata:///local/AnimAssets/watermelon/watermelon-03.svg"],"whale":["ms-appdata:///local/AnimAssets/whale/whale-01.svg","ms-appdata:///local/AnimAssets/whale/whale-02.svg","ms-appdata:///local/AnimAssets/whale/whale-03.svg"],"wheel":["ms-appdata:///local/AnimAssets/wheel/wheel-01.svg","ms-appdata:///local/AnimAssets/wheel/wheel-02.svg","ms-appdata:///local/AnimAssets/wheel/wheel-03.svg"],"windmill":["ms-appdata:///local/AnimAssets/windmill/windmill-01.svg","ms-appdata:///local/AnimAssets/windmill/windmill-02.svg","ms-appdata:///local/AnimAssets/windmill/windmill-03.svg"],"wine bottle":["ms-appdata:///local/AnimAssets/wine-bottle/wine-bottle-01.svg","ms-appdata:///local/AnimAssets/wine-bottle/wine-bottle-02.svg","ms-appdata:///local/AnimAssets/wine-bottle/wine-bottle-03.svg"],"wine glass":["ms-appdata:///local/AnimAssets/wine-glass/wine-glass-01.svg","ms-appdata:///local/AnimAssets/wine-glass/wine-glass-02.svg","ms-appdata:///local/AnimAssets/wine-glass/wine-glass-03.svg"]}}